<!--
=====================================================
; Title: Assignment 7.2 WhatABook Part 1
; Author: Professor Krasso
; Date 3 May 2021
; Modified By: Jourdan Neal
; Description: Using XML data to HTML table. 
=====================================================
*/-->
<!--Books parent node.-->
<books>
<!--book child node.-->
  <book>
   <isbn>9780345339683</isbn>
   <title>The Hobbit or There and Back Again</title>
   <description>N/A</description>
   <pages>287</pages>
   <authors>J.R.R. Tolkien</authors>
  </book>

  <book>
   <isbn>9780261103573</isbn>
   <title>The Fellowship of the Ring</title>
   <description>Bing the First Park of the Lord of the Rings</description>
   <pages>415</pages>
   <authors>J.R.R. Tolkien</authors>
  </book>

  <book>
   <isbn>9780261102361</isbn>
   <title>The Two Towers</title>
   <description>Being the Second Par of the Lord of the Rings</description>
   <pages>442</pages>
   <authors>J.R.R. Tolkien</authors>
  </book>

  <book>
   <isbn>9780261102378</isbn>
   <title>The Return of the King</title>
   <description>Being the third part of the Lord of the Rings</description>
   <pages>556</pages>
   <authors>J.R.R. Tolkien</authors>
  </book>

  <book>
   <isbn>9780593099322</isbn>
   <title>Dune: Delux Edition</title>
   <description>N/A</description>
   <pages>688</pages>
   <authors>Frank Herbert</authors>
  </book>

  <book>
   <isbn>9780316769532</isbn>
   <title>The Catcher and the Rye</title>
   <description>N/A</description>
   <pages>277</pages>
   <authors>J.D. Salinger</authors>
  </book>

</books>